Species Number,Alpha Code,Common Name,Scientific Name,T & E
10,WEGR,Western Grebe,Aechmophorus occidentalis,
11,CLGR,Clark's Grebe,Aechmophorus clarkii,
12,WCGR,Western/Clark's Grebe,,
20,RNGR,Red-necked Grebe,Podiceps grisegena,
30,HOGR,Horned Grebe,Podiceps auritus,
40,EAGR,Eared Grebe,Podiceps nigricollis,
50,LEGR,Least Grebe,Tachybaptus dominicus,
60,PBGR,Pied-billed Grebe,Podilymbus podiceps,
70,COLO,Common Loon,Gavia immer,
80,YBLO,Yellow-billed Loon,Gavia adamsii,
90,ARLO,Arctic Loon,Gavia arctica,
100,PALO,Pacific Loon,Gavia pacifica,
110,RTLO,Red-throated Loon,Gavia stellata,
120,TUPU,Tufted Puffin,Fratercula cirrhata,
130,ATPU,Atlantic Puffin,Fratercula arctica,
140,HOPU,Horned Puffin,Fratercula corniculata,
150,RHAU,Rhinoceros Auklet,Cerorhinca monocerata,
160,CAAU,Cassin's Auklet,Ptychoramphus aleuticus,
170,PAAU,Parakeet Auklet,Aethia psittacula,
180,CRAU,Crested Auklet,Aethia cristatella,
190,WHAU,Whiskered Auklet,Aethia pygmaea,
200,LEAU,Least Auklet,Aethia pusilla,
210,ANMU,Ancient Murrelet,Synthliboramphus antiquus,
230,MAMU,Marbled Murrelet,Brachyramphus marmoratus,Y
231,LBMU,Long-billed Murrelet,Brachyramphus perdix,
232,AMMU,Alaska Marbled Murrelet,Brachyramphus marmoratus,
240,KIMU,Kittlitz's Murrelet,Brachyramphus brevirostris,
250,XAMU,Xantus's Murrelet,,
251,SCMU,Scripps's Murrelet,Synthliboramphus scrippsi,
252,GUMU,Guadalupe Murrelet,Synthliboramphus hypoleucus,
260,CRMU,Craveri's Murrelet,Synthliboramphus craveri,
270,BLGU,Black Guillemot,Cepphus grylle,
290,PIGU,Pigeon Guillemot,Cepphus columba,
300,COMU,Common Murre,Uria aalge,
310,TBMU,Thick-billed Murre,Uria lomvia,
320,RAZO,Razorbill,Alca torda,
340,DOVE,Dovekie,Alle alle,
350,GRSK,Great Skua,Stercorarius skua,
352,SPSK,South Polar Skua,Stercorarius maccormicki,
360,POJA,Pomarine Jaeger,Stercorarius pomarinus,
370,PAJA,Parasitic Jaeger,Stercorarius parasiticus,
380,LTJA,Long-tailed Jaeger,Stercorarius longicaudus,
390,IVGU,Ivory Gull,Pagophila eburnea,
391,MAGU,Magellan Gull,Leucophaeus scoresbii,
400,BLKI,Black-legged Kittiwake,Rissa tridactyla,
410,RLKI,Red-legged Kittiwake,Rissa brevirostris,
420,GLGU,Glaucous Gull,Larus hyperboreus,
430,ICGU,Iceland Gull,Larus glaucoides,
431,THGU,Thayer's Gull,Larus glaucoides thayeri,
440,GWGU,Glaucous-winged Gull,Larus glaucescens,
446,HYGU,Hybrid Gull,,
470,GBBG,Great Black-backed Gull,Larus marinus,
480,SBGU,Slaty-backed Gull,Larus schistisagus,
490,WEGU,Western Gull,Larus occidentalis,
491,YFGU,Yellow-footed Gull,Larus livens,
500,LBBG,Lesser Black-backed Gull,Larus fuscus,
510,HERG,Herring Gull,Larus argentatus,
530,CAGU,California Gull,Larus californicus,
534,UNGU,Unidentified Gull,,
540,RBGU,Ring-billed Gull,Larus delawarensis,
542,BTGU,Band-tailed Gull,Larus belcheri,
550,MEGU,Mew Gull,Larus canus,
551,BHGU,Black-headed Gull,Chroicocephalus ridibundus,
570,HEEG,Heermann's Gull,Larus heermanni,
580,LAGU,Laughing Gull,Leucophaeus atricilla,
590,FRGU,Franklin's Gull,Leucophaeus pipixcan,
600,BOGU,Bonaparte's Gull,Chroicocephalus philadelphia,
601,LIGU,Little Gull,Hydrocoloeus minutus,
610,ROGU,Ross's Gull,Rhodostethia rosea,
620,SAGU,Sabine's Gull,Xema sabini,
630,GBTE,Gull-billed Tern,Gelochelidon nilotica,
640,CATE,Caspian Tern,Hydroprogne caspia,
650,ROYT,Royal Tern,Thalasseus maximus,
652,CRTE,Crested Tern,Thalasseus bergii,
660,ELTE,Elegant Tern,Thalasseus elegans,
670,SATE,Sandwich Tern,Thalasseus sandvicensis,
671,CAYT,Cayenne Tern,Thalasseus acuflavidus eurygnathus,
690,FOTE,Forster's Tern,Sterna forsteri,
700,COTE,Common Tern,Sterna hirundo,
706,HYTE,Hybrid Tern,,
710,ARTE,Arctic Tern,Sterna paradisaea,
720,ROST,Roseate Tern,Sterna dougallii,Y
725,HCRT,Common Tern X Roseate Tern Hybrid,,
730,ALTE,Aleutian Tern,Onychoprion aleuticus,
731,BNTE,Black-naped Tern,Sterna sumatrana,
740,LETE,Least Tern,Sternula antillarum,
741,LITE,Little Tern,Sternula albifrons,
742,ILTE,Interior Least Tern,Sternula antillarum athalassos,Y
743,CLTE,California Least Tern,Sternula antillarum browni,Y
750,SOTE,Sooty Tern,Onychoprion fuscatus,
760,BRTE,Bridled Tern,Onychoprion anaethetus,
761,GRAT,Gray-backed Tern,Onychoprion lunatus,
770,BLTE,Black Tern,Chlidonias niger,
780,WWTE,White-winged Tern,Chlidonias leucopterus,
781,WHIT,Whiskered Tern,Chlidonias hybrida,
790,BRNO,Brown Noddy,Anous stolidus,
791,BLNO,Black Noddy,Anous minutus,
792,BGNO,Blue-gray Noddy,Anous ceruleus,
793,WHTE,White Tern,Gygis alba,
800,BLSK,Black Skimmer,Rynchops niger,
810,BFAL,Black-footed Albatross,Phoebastria nigripes,
811,WAAL,Wandering Albatross,Diomedea exulans,
816,HYAL,Hybrid Albatross,,
820,STAL,Short-tailed Albatross,Phoebastria albatrus,Y
821,LAAL,Laysan Albatross,Phoebastria immutabilis,
822,BBAL,Black-browed Albatross,Thalassarche melanophris,
823,SHAL,Shy Albatross,Thalassarche cauta,
824,WAVA,Waved Albatross,Phoebastria irrorata,
830,YNAL,Yellow-nosed Albatross,Thalassarche chlororhynchos,
860,NOFU,Northern Fulmar,Fulmarus glacialis,
880,COSH,Cory's Shearwater,Calonectris diomedea,
881,STRS,Streaked Shearwater,Calonectris leucomelas,
890,GRSH,Great Shearwater,Ardenna gravis,
900,MASH,Manx Shearwater,Puffinus puffinus,
910,PFSH,Pink-footed Shearwater,Puffinus creatopus,
920,AUSH,Audubon's Shearwater,Puffinus lherminieri,
921,LISH,Little Shearwater,Puffinus assimilis,
922,TRSH,Tropical Shearwater,Puffinus bailloni,
930,BVSH,Black-vented Shearwater,Puffinus opisthomelas,
931,TOSH,Townsend's Shearwater,Puffinus auricularis,
932,NESH,Newell's Shearwater,Puffinus newelli,Y
950,SOSH,Sooty Shearwater,Ardenna grisea,
951,FFSH,Flesh-footed Shearwater,Ardenna carneipes,
960,SHOS,Short-tailed Shearwater,Ardenna tenuirostris,
961,WTSH,Wedge-tailed Shearwater,Ardenna pacifica,
962,BULS,Buller's Shearwater,Ardenna bulleri,
963,CHSH,Christmas Shearwater,Puffinus nativitatis,
980,BCPE,Black-capped Petrel,Pterodroma hasitata,
983,COPE,Cook's Petrel,Pterodroma cookii,
985,HAPE,Hawaiian Petrel,Pterodroma sandwichensis,Y
987,JFPE,Juan Fernandez Petrel,Pterodroma externa,
988,PHPE,Phoenix Petrel,Pterodroma alba,
990,MOPE,Mottled Petrel,Pterodroma inexpectata,
991,BOPE,Bonin Petrel,Pterodroma hypoleuca,
992,BWPE,Black-winged Petrel,Pterodroma nigripennis,
1001,MUPE,Murphy's Petrel,Pterodroma ultima,
1003,STPE,Stejneger's Petrel,Pterodroma longirostris,
1004,TAPE,Tahiti Petrel,Pseudobulweria rostrata,
1010,BUPE,Bulwer's Petrel,Bulweria bulwerii,
1020,CAPE,Cape Petrel,Daption capense,
1030,LTSP,Least Storm-Petrel,Oceanodroma microsoma,
1050,FTSP,Fork-tailed Storm-Petrel,Oceanodroma furcata,
1060,LHSP,Leach's Storm-Petrel,Oceanodroma leucorhoa,
1062,BANP,Band-rumped Storm-Petrel,Oceanodroma castro,
1063,WRSP,Wedge-rumped Storm-Petrel,Oceanodroma tethys,
1070,BLSP,Black Storm-Petrel,Oceanodroma melania,
1071,TRSP,Tristram's Storm-Petrel,Oceanodroma tristrami,
1080,ASSP,Ashy Storm-Petrel,Oceanodroma homochroa,
1090,WISP,Wilson's Storm-Petrel,Oceanites oceanicus,
1101,WHSP,White-throated Storm-Petrel,Nesofregetta fuliginosa,
1110,WFSP,White-faced Storm-Petrel,Pelagodroma marina,
1120,WTTR,White-tailed Tropicbird,Phaethon lepturus,
1130,RBTR,Red-billed Tropicbird,Phaethon aethereus,
1131,RTTR,Red-tailed Tropicbird,Phaethon rubricauda,
1140,MABO,Masked Booby,Sula dactylatra,
1141,BFBO,Blue-footed Booby,Sula nebouxii,
1142,NABO,Nazca Booby,Sula granti,
1150,BRBO,Brown Booby,Sula leucogaster,
1160,RFBO,Red-footed Booby,Sula sula,
1170,NOGA,Northern Gannet,Morus bassanus,
1180,ANHI,Anhinga,Anhinga anhinga,
1190,GRCO,Great Cormorant,Phalacrocorax carbo,
1200,DCCO,Double-crested Cormorant,Phalacrocorax auritus,
1201,GUCO,Guanay Cormorant,Leucocarbo bougainvillii,
1210,NECO,Neotropic Cormorant,Phalacrocorax brasilianus,
1220,BRAC,Brandt's Cormorant,Phalacrocorax penicillatus,
1230,PECO,Pelagic Cormorant,Phalacrocorax pelagicus,
1240,RFCO,Red-faced Cormorant,Phalacrocorax urile,
1250,AWPE,American White Pelican,Pelecanus erythrorhynchos,
1260,BRPE,Brown Pelican,Pelecanus occidentalis,
1280,MAFR,Magnificent Frigatebird,Fregata magnificens,
1281,GRFR,Great Frigatebird,Fregata minor,
1282,LEFR,Lesser Frigatebird,Fregata ariel,
1290,COME,Common Merganser,Mergus merganser,
1300,RBME,Red-breasted Merganser,Mergus serrator,
1310,HOME,Hooded Merganser,Lophodytes cucullatus,
1320,MALL,Mallard,Anas platyrhynchos,
1321,HAWD,Hawaiian Duck,Anas wyvilliana,Y
1322,LADU,Laysan Duck,Anas laysanensis,Y
1323,MHDH,Mallard X Hawaiian Duck Hybrid,,
1325,MBDX,Mallard X American Black Duck Intermediate,,
1326,MBDH,Mallard X American Black Duck Hybrid,,
1327,MALX,Mallard Dominant X American Black Duck Hybrid,,
1330,ABDU,American Black Duck,Anas rubripes,
1331,MEDU,Mexican Duck,Anas diazi,
1332,PBDU,Pacific Black Duck,Anas superciliosa,
1337,ABDX,American Black Duck Dominant X Mallard Hybrid,,
1340,MODU,Mottled Duck,Anas fulvigula,
1350,GADW,Gadwall,Mareca strepera,
1360,EUWI,Eurasian Wigeon,Mareca penelope,
1370,AMWI,American Wigeon,Mareca americana,
1371,FATE,Falcated Teal,Mareca falcata,
1380,EGWT,European Green-winged Teal,Anas crecca crecca,
1390,AGWT,Green-winged Teal,Anas crecca,
1391,BATE,Baikal Teal,Sibirionetta formosa,
1392,GARG,Garganey,Spatula querquedula,
1400,BWTE,Blue-winged Teal,Spatula discors,
1401,UNTE,Unidentified Teal,,
1410,CITE,Cinnamon Teal,Spatula cyanoptera,
1420,NSHO,Northern Shoveler,Spatula clypeata,
1430,NOPI,Northern Pintail,Anas acuta,
1431,WHIP,White-cheeked Pintail,Anas bahamensis,
1436,OHDU,Other Hybrid Duck,,
1440,WODU,Wood Duck,Aix sponsa,
1441,MUDU,Muscovy Duck,Cairina moschata,
1460,REDH,Redhead,Aythya americana,
1461,CPOC,Common Pochard,Aythya ferina,
1470,CANV,Canvasback,Aythya valisineria,
1480,GRSC,Greater Scaup,Aythya marila,
1490,LESC,Lesser Scaup,Aythya affinis,
1491,TUDU,Tufted Duck,Aythya fuligula,
1500,RNDU,Ring-necked Duck,Aythya collaris,
1510,COGO,Common Goldeneye,Bucephala clangula,
1520,BAGO,Barrow's Goldeneye,Bucephala islandica,
1530,BUFF,Bufflehead,Bucephala albeola,
1540,LTDU,Long-tailed Duck,Clangula hyemalis,
1550,HARD,Harlequin Duck,Histrionicus histrionicus,
1570,STEI,Steller's Eider,Polysticta stelleri,Y
1580,SPEI,Spectacled Eider,Somateria fischeri,Y
1590,COEI,Common Eider,Somateria mollissima,
1620,KIEI,King Eider,Somateria spectabilis,
1630,BLSC,Black Scoter,Melanitta americana,
1650,WWSC,White-winged Scoter,Melanitta fusca,
1660,SUSC,Surf Scoter,Melanitta perspicillata,
1670,RUDU,Ruddy Duck,Oxyura jamaicensis,
1680,MADU,Masked Duck,Nomonyx dominicus,
1690,LSGO,Lesser Snow Goose,Chen caerulescens caerulescens,
1691,BLGO,Blue Goose,Chen caerulescens,
1695,SBGI,Snow X Blue Goose Intergrade,,
1698,BGSG,Blue Greater Snow Goose,,
1699,GSGO,Greater Snow Goose,Chen caerulescens atlantica,
1700,ROGO,Ross's Goose,Anser rossii,
1703,SRGH,Snow X Ross's Goose Hybrid,,
1710,GWFG,Greater White-fronted Goose,Anser albifrons,
1711,TABG,Taiga Bean-Goose,Anser fabalis,
1712,PFGO,Pink-footed Goose,Anser brachyrhynchus,
1713,LWFG,Lesser White-fronted Goose,Anser erythropus,
1716,OHGO,Other Hybrid Goose,,
1719,TWFG,Tule White-fronted Goose,Anser albifrons elgasi,
1720,CAGO,Canada Goose,Branta canadensis,
1721,ACGO,Aleutian Canada Goose,Branta hutchinsii leucopareia,
1722,CACG,Cackling Goose,Branta hutchinsii,
1723,LCGO,Large Canada Goose,Branta canadensis maxima,
1729,SCGO,Small Canada Goose,Branta canadensis parvipes,
1730,ATBR,Atlantic Brant,Branta bernicla hrota,
1731,BABI,Black X Atlantic Brant Intergrade,,
1740,BLBR,Black Brant,Branta bernicla nigricans,
1750,BRNG,Barnacle Goose,Branta leucopsis,
1751,HAGO,Hawaiian Goose,Branta sandvicensis,Y
1760,EMGO,Emperor Goose,Anser canagicus,
1770,BBWD,Black-bellied Whistling-Duck,Dendrocygna autumnalis,
1771,WIWD,West Indian Whistling-Duck,Dendrocygna arborea,
1780,FUWD,Fulvous Whistling-Duck,Dendrocygna bicolor,
1782,MUSW,Mute Swan,Cygnus olor,
1790,WHOS,Whooper Swan,Cygnus cygnus,
1800,WHSW,Whistling Swan,Cygnus columbianus columbianus,
1801,BESW,Bewick's Swan,Cygnus columbianus bewickii,
1810,TRUS,Trumpeter Swan,Cygnus buccinator,
1820,AMFL,American Flamingo,Phoenicopterus ruber,
1830,ROSP,Roseate Spoonbill,Platalea ajaja,
1840,WHIB,White Ibis,Eudocimus albus,
1850,SCIB,Scarlet Ibis,Eudocimus ruber,
1860,GLIB,Glossy Ibis,Plegadis falcinellus,
1870,WFIB,White-faced Ibis,Plegadis chihi,
1880,WOST,Wood Stork,Mycteria americana,Y
1900,AMBI,American Bittern,Botaurus lentiginosus,
1910,LEBI,Least Bittern,Ixobrychus exilis,
1911,YEBI,Yellow Bittern,Ixobrychus sinensis,
1920,GWHE,Great White Heron,Ardea herodias occidentalis,
1940,GBHE,Great Blue Heron,Ardea herodias,
1960,GREG,Great Egret,Ardea alba,
1969,PRHE,Pacific Reef Heron,Egretta sacra,
1970,SNEG,Snowy Egret,Egretta thula,
1980,REEG,Reddish Egret,Egretta rufescens,
1990,TRHE,Tricolored Heron,Egretta tricolor,
2000,LBHE,Little Blue Heron,Egretta caerulea,
2001,CAEG,Cattle Egret,Bubulcus ibis,
2010,GRHE,Green Heron,Butorides virescens,
2020,BCNH,Black-crowned Night-Heron,Nycticorax nycticorax,
2030,YCNH,Yellow-crowned Night-Heron,Nyctanassa violacea,
2040,WHCR,Whooping Crane,Grus americana,Y
2060,SACR,Sandhill Crane,Antigone canadensis,
2061,MSCR,Mississippi Sandhill Crane,Antigone canadensis pulla,Y
2070,LIMP,Limpkin,Aramus guarauna,
2080,KIRA,King Rail,Rallus elegans,
2110,CLRA,Clapper Rail,Rallus longirostris,
2111,CRRA,California Ridgway's Rail,Rallus obsoletus obsoletus,Y
2112,LFRR,Light-footed Ridgway's Rail,Rallus obsoletus levipes,Y
2113,YRRA,Yuma Ridgway's Rail,Rallus obsoletus yumanensis,Y
2120,VIRA,Virginia Rail,Rallus limicola,
2131,YBCR,Yellow-breasted Crake,Hapalocrex flaviventer,
2140,SORA,Sora,Porzana carolina,
2150,YERA,Yellow Rail,Coturnicops noveboracensis,
2160,BLRA,Black Rail,Laterallus jamaicensis,
2161,BBRA,Buff-banded Rail,Gallirallus philippensis,
2162,GURA,Guam Rail,Gallirallus owstoni,Y
2163,EBRA,Eastern Black Rail,Laterallusjamaicensis jamaicensis,
2164,CBRA,California Black Rail,Laterallus jamaicensis coturniculus,
2180,PUGA,Purple Gallinule,Porphyrio martinicus,
2181,PUSW,Purple Swamphen,Porphyrio porphyrio,
2190,COGA,Common Gallinule,Gallinula galeata,
2191,HAGA,Hawaiian Gallinule,Gallinula galeata sandvicensis,Y
2192,MCMO,Mariana Common Moorhen,Gallinula chloropus guami,Y
2201,HACO,Hawaiian Coot,Fulica alai,Y
2210,AMCO,American Coot,Fulica americana,
2211,CARC,Caribbean Coot,Fulica caribaea,
2220,REPH,Red Phalarope,Phalaropus fulicarius,
2230,RNPH,Red-necked Phalarope,Phalaropus lobatus,
2240,WIPH,Wilson's Phalarope,Phalaropus tricolor,
2250,AMAV,American Avocet,Recurvirostra americana,
2260,BNST,Black-necked Stilt,Himantopus mexicanus,
2261,HAST,Hawaiian Stilt,Himantopus mexicanus knudseni,Y
2262,BWST,Black-winged Stilt,Himantopus himantopus,
2270,EUWO,Eurasian Woodcock,Scolopax rusticola,
2280,AMWO,American Woodcock,Scolopax minor,
2290,COSN,Common Snipe,Gallinago gallinago,
2300,WISN,Wilson's Snipe,Gallinago delicata,
2301,PTSN,Pin-tailed Snipe,Gallinago stenura,
2302,SWSN,Swinhoe's Snipe,Gallinago megala,
2310,SBDO,Short-billed Dowitcher,Limnodromus griseus,
2320,LBDO,Long-billed Dowitcher,Limnodromus scolopaceus,
2330,STSA,Stilt Sandpiper,Calidris himantopus,
2340,REKN,Red Knot,Calidris canutus,
2341,RRKN,Rufa Red Knot,Calidris canutus rufa,Y
2350,PUSA,Purple Sandpiper,Calidris maritima,
2360,ROSA,Rock Sandpiper,Calidris ptilocnemis,
2380,SHAS,Sharp-tailed Sandpiper,Calidris acuminata,
2390,PESA,Pectoral Sandpiper,Calidris melanotos,
2400,WRSA,White-rumped Sandpiper,Calidris fuscicollis,
2410,BASA,Baird's Sandpiper,Calidris bairdii,
2420,LESA,Least Sandpiper,Calidris minutilla,
2422,RNST,Red-necked Stint,Calidris ruficollis,
2423,LTST,Long-toed Stint,Calidris subminuta,
2430,DUNL,Dunlin,Calidris alpina,
2440,CUSA,Curlew Sandpiper,Calidris ferruginea,
2450,SPOS,Spoon-billed Sandpiper,Calidris pygmea,
2460,SESA,Semipalmated Sandpiper,Calidris pusilla,
2470,WESA,Western Sandpiper,Calidris mauri,
2480,SAND,Sanderling,Calidris alba,
2490,MAGO,Marbled Godwit,Limosa fedoa,
2500,BARG,Bar-tailed Godwit,Limosa lapponica,
2510,HUGO,Hudsonian Godwit,Limosa haemastica,
2520,BLAG,Black-tailed Godwit,Limosa limosa,
2532,CGRE,Common Greenshank,Tringa nebularia,
2540,GRYE,Greater Yellowlegs,Tringa melanoleuca,
2550,LEYE,Lesser Yellowlegs,Tringa flavipes,
2560,SOSA,Solitary Sandpiper,Tringa solitaria,
2561,WOSA,Wood Sandpiper,Tringa glareola,
2562,MASA,Marsh Sandpiper,Tringa stagnatilis,
2580,WILL,Willet,Tringa semipalmata,
2590,WATA,Wandering Tattler,Tringa incana,
2591,GTTA,Gray-tailed Tattler,Tringa brevipes,
2600,RUFF,Ruff,Calidris pugnax,
2610,UPSA,Upland Sandpiper,Bartramia longicauda,
2620,BBSA,Buff-breasted Sandpiper,Calidris subruficollis,
2630,SPSA,Spotted Sandpiper,Actitis macularius,
2631,COSA,Common Sandpiper,Actitis hypoleucos,
2640,LBCU,Long-billed Curlew,Numenius americanus,
2650,WHIM,Whimbrel,Numenius phaeopus,
2680,BTCU,Bristle-thighed Curlew,Numenius tahitiensis,
2690,NOLA,Northern Lapwing,Vanellus vanellus,
2691,EUDO,Eurasian Dotterel,Charadrius morinellus,
2700,BBPL,Black-bellied Plover,Pluvialis squatarola,
2710,EUGP,European Golden-Plover,Pluvialis apricaria,
2720,AMGP,American Golden-Plover,Pluvialis dominica,
2721,PAGP,Pacific Golden-Plover,Pluvialis fulva,
2729,LEGP,Lesser Golden-Plover,,
2730,KILL,Killdeer,Charadrius vociferus,
2740,SEPL,Semipalmated Plover,Charadrius semipalmatus,
2750,CRPL,Common Ringed Plover,Charadrius hiaticula,
2770,PIPL,Piping Plover,Charadrius melodus,Y
2780,SNPL,Snowy Plover,Charadrius nivosus,
2781,WSPL,Western Snowy Plover,Charadrius nivosus nivosus,Y
2790,LRSP,Lesser Sand-Plover,Charadrius mongolus,
2800,WIPL,Wilson's Plover,Charadrius wilsonia,
2810,MOPL,Mountain Plover,Charadrius montanus,
2820,SURF,Surfbird,Calidris virgata,
2830,RUTU,Ruddy Turnstone,Arenaria interpres,
2840,BLTU,Black Turnstone,Arenaria melanocephala,
2860,AMOY,American Oystercatcher,Haematopus palliatus,
2870,BLOY,Black Oystercatcher,Haematopus bachmani,
2880,NOJA,Northern Jacana,Jacana spinosa,
3120,BTPI,Band-tailed Pigeon,Patagioenas fasciata,
3121,PLPI,Plain Pigeon,Patagioenas inornata,Y
3122,PRPP,Puerto Rican Plain Pigeon,Patagioenas inornata wetmorei,Y
3130,RBPI,Red-billed Pigeon,Patagioenas flavirostris,
3140,WCPI,White-crowned Pigeon,Patagioenas leucocephala,
3141,SNPI,Scaly-naped Pigeon,Patagioenas squamosa,
3151,SPDO,Spotted Dove,Streptopelia chinensis,
3152,AFCD,African Collared-Dove,Streptopelia roseogrisea,
3153,ZEBD,Zebra Dove,Geopelia striata,
3154,WTGD,White-throated Ground-Dove,Gallicolumba xanthonura,
3155,MAFD,Mariana Fruit Dove,Ptilinopus roseicapilla,
3158,PHTD,Philippine Turtle-Dove,Streptopelia bitorquata,
3159,ECDO,Eurasian Collared-Dove,Streptopelia decaocto,
3160,MODO,Mourning Dove,Zenaida macroura,
3161,EADO,Eared Dove,Zenaida auriculata,
3170,ZEND,Zenaida Dove,Zenaida aurita,
3180,WTDO,White-tipped Dove,Leptotila verreauxi,
3181,CADO,Caribbean Dove,Leptotila jamaicensis,
3190,WWDO,White-winged Dove,Zenaida asiatica,
3200,COGD,Common Ground-Dove,Columbina passerina,
3201,RUGD,Ruddy Ground-Dove,Columbina talpacoti,
3210,INDO,Inca Dove,Columbina inca,
3220,KWQD,Key West Quail-Dove,Geotrygon chrysia,
3221,RUQD,Ruddy Quail-Dove,Geotrygon montana,
3222,BRQD,Bridled Quail-Dove,Geotrygon mystacea,
3240,CALC,California Condor,Gymnogyps californianus,Y
3250,TUVU,Turkey Vulture,Cathartes aura,
3260,BLVU,Black Vulture,Coragyps atratus,
3270,STKI,Swallow-tailed Kite,Elanoides forficatus,
3271,HBKI,Hook-billed Kite,Chondrohierax uncinatus,
3280,WTKI,White-tailed Kite,Elanus leucurus,
3290,MIKI,Mississippi Kite,Ictinia mississippiensis,
3300,SNKI,Snail Kite,Rostrhamus sociabilis,Y
3310,NOHA,Northern Harrier,Circus hudsonius,
3320,SSHA,Sharp-shinned Hawk,Accipiter striatus,
3321,PSSH,Puerto Rican Sharp-shinned Hawk,Accipiter striatus venator,Y
3330,COHA,Cooper's Hawk,Accipiter cooperii,
3340,NOGO,Northern Goshawk,Accipiter gentilis,
3350,HRSH,Harris's Hawk,Parabuteo unicinctus,
3370,RTHA,Red-tailed Hawk,Buteo jamaicensis,
3380,HRLH,Harlan's Hawk,Buteo jamaicensis harlani,
3390,RSHA,Red-shouldered Hawk,Buteo lineatus,
3400,ZTHA,Zone-tailed Hawk,Buteo albonotatus,
3410,WTHA,White-tailed Hawk,Geranoaetus albicaudatus,
3420,SWHA,Swainson's Hawk,Buteo swainsoni,
3430,BWHA,Broad-winged Hawk,Buteo platypterus,
3431,ROHA,Roadside Hawk,Rupornis magnirostris,
3432,PBWH,Puerto Rican Broad-winged Hawk,Buteo platypterus brunnescens,Y
3440,STHA,Short-tailed Hawk,Buteo brachyurus,
3441,HWHA,Hawaiian Hawk,Buteo solitarius,Y
3450,CBHA,Common Black Hawk,Buteogallus anthracinus,
3460,GRHA,Gray Hawk,Buteo plagiatus,
3470,RLHA,Rough-legged Hawk,Buteo lagopus,
3480,FEHA,Ferruginous Hawk,Buteo regalis,
3490,GOEA,Golden Eagle,Aquila chrysaetos,
3520,BAEA,Bald Eagle,Haliaeetus leucocephalus,
3540,GYRF,Gyrfalcon,Falco rusticolus,
3550,PRFA,Prairie Falcon,Falco mexicanus,
3560,PEFA,Peregrine Falcon,Falco peregrinus,
3570,MERL,Merlin,Falco columbarius,
3590,APFA,Aplomado Falcon,Falco femoralis,Y
3591,EUKE,Eurasian Kestrel,Falco tinnunculus,
3600,AMKE,American Kestrel,Falco sparverius,
3620,CRCA,Crested Caracara,Caracara cheriway,
3621,ACCA,Audubon's Crested Caracara,Caracara cheriway audubonii,Y
3640,OSPR,Osprey,Pandion haliaetus,
3650,BNOW,Barn Owl,Tyto alba,
3651,AFOW,Ashy-faced Owl,Tyto glaucops,
3660,LEOW,Long-eared Owl,Asio otus,
3670,SEOW,Short-eared Owl,Asio flammeus,
3680,BDOW,Barred Owl,Strix varia,
3686,SBOH,Spotted X Barred Owl Hybrid,,
3690,SPOW,Spotted Owl,Strix occidentalis,
3691,CSOW,California Spotted Owl,Strix occidentalis occidentalis,
3692,NSOW,Northern Spotted Owl,Strix occidentalis caurina,Y
3693,MSOW,Mexican Spotted Owl,Strix occidentalis lucida,Y
3700,GGOW,Great Gray Owl,Strix nebulosa,
3710,BOOW,Boreal Owl,Aegolius funereus,
3720,NSWO,Northern Saw-whet Owl,Aegolius acadicus,
3730,EASO,Eastern Screech-Owl,Megascops asio,
3731,WHSO,Whiskered Screech-Owl,Megascops trichopsis,
3732,WESO,Western Screech-Owl,Megascops kennicottii,
3734,PRSO,Puerto Rican Screech-Owl,Megascops nudipes,
3740,FLOW,Flammulated Owl,Psiloscops flammeolus,
3750,GHOW,Great Horned Owl,Bubo virginianus,
3760,SNOW,Snowy Owl,Bubo scandiacus,
3770,NHOW,Northern Hawk Owl,Surnia ulula,
3780,BUOW,Burrowing Owl,Athene cunicularia,
3790,NOPO,Northern Pygmy-Owl,Glaucidium gnoma,
3800,FEPO,Ferruginous Pygmy-Owl,Glaucidium brasilianum,Y
3810,ELOW,Elf Owl,Micrathene whitneyi,
3811,BHPA,Black-headed Parakeet,Nandayus nenday,
3812,HPKT,Hispaniolan Parakeet,Psittacara chloropterus,
3813,OFPA,Orange-fronted Parakeet,Eupsittula canicularis,
3814,BTPA,Brown-throated Parakeet,Eupsittula pertinax,
3815,BCLO,Blue-crowned Lorikeet,Vini australis,
3821,TBPA,Thick-billed Parrot,Rhynchopsitta pachyrhyncha,Y
3824,MOPA,Monk Parakeet,Myiopsitta monachus,
3825,CHCO,Cherry-head Conure,Aratinga erythrogenys,
3826,RCPA,Red-crowned Parrot,Amazona viridigenalis,
3827,HPRT,Hispaniolan Parrot,Amazona ventralis,
3828,PRPA,Puerto Rican Parrot,Amazona vittata,Y
3829,OWAM,Orange-winged Amazon,Amazona amazonica,
3830,SBAN,Smooth-billed Ani,Crotophaga ani,
3840,GBAN,Groove-billed Ani,Crotophaga sulcirostris,
3850,GRRO,Greater Roadrunner,Geococcyx californianus,
3851,PRLC,Puerto Rican Lizard-Cuckoo,Coccyzus vieilloti,
3860,MACU,Mangrove Cuckoo,Coccyzus minor,
3870,YBCU,Yellow-billed Cuckoo,Coccyzus americanus,
3871,WYBC,Western Yellow-billed Cuckoo,Coccyzus americanus,Y
3880,BBCU,Black-billed Cuckoo,Coccyzus erythropthalmus,
3890,ELTR,Elegant Trogon,Trogon elegans,
3891,EAQU,Eared Quetzal,Euptilotis neoxenus,
3900,BEKI,Belted Kingfisher,Megaceryle alcyon,
3901,RIKI,Ringed Kingfisher,Megaceryle torquata,
3910,GKIN,Green Kingfisher,Chloroceryle americana,
3912,PRTO,Puerto Rican Tody,Todus mexicanus,
3920,IBWO,Ivory-billed Woodpecker,Campephilus principalis,Y
3930,HAWO,Hairy Woodpecker,Dryobates villosus,
3940,DOWO,Downy Woodpecker,Dryobates pubescens,
3950,RCWO,Red-cockaded Woodpecker,Dryobates borealis,Y
3960,LBWO,Ladder-backed Woodpecker,Dryobates scalaris,
3970,NUWO,Nuttall's Woodpecker,Dryobates nuttallii,
3980,ARWO,Arizona Woodpecker,Dryobates arizonae,
3990,WHWO,White-headed Woodpecker,Picoides albolarvatus,
4000,BBWO,Black-backed Woodpecker,Picoides arcticus,
4010,ATTW,American Three-toed Woodpecker,Picoides dorsalis,
4020,YBSA,Yellow-bellied Sapsucker,Sphyrapicus varius,
4021,RNSA,Red-naped Sapsucker,Sphyrapicus nuchalis,
4023,HYSA,Hybrid Sapsucker,,
4030,RBSA,Red-breasted Sapsucker,Sphyrapicus ruber,
4040,WISA,Williamson's Sapsucker,Sphyrapicus thyroideus,
4050,PIWO,Pileated Woodpecker,Dryocopus pileatus,
4060,RHWO,Red-headed Woodpecker,Melanerpes erythrocephalus,
4070,ACWO,Acorn Woodpecker,Melanerpes formicivorus,
4071,PRWO,Puerto Rican Woodpecker,Melanerpes portoricensis,
4080,LEWO,Lewis's Woodpecker,Melanerpes lewis,
4090,RBWO,Red-bellied Woodpecker,Melanerpes carolinus,
4092,WIWO,West Indian Woodpecker,Melanerpes superciliaris,
4100,GFWO,Golden-fronted Woodpecker,Melanerpes aurifrons,
4110,GIWO,Gila Woodpecker,Melanerpes uropygialis,
4120,YSFL,Yellow-shafted Flicker,Colaptes auratus auratus,
4123,FLIN,Flicker Intergrade,Colaptes auratus,
4130,RSFL,Red-shafted Flicker,Colaptes auratus cafer,
4140,GIFL,Gilded Flicker,Colaptes chrysoides,
4160,CWWI,Chuck-will's-widow,Antrostomus carolinensis,
4161,BCNI,Buff-collared Nightjar,Antrostomus ridgwayi,
4171,EWPW,Eastern Whip-poor-will,Antrostomus vociferus,Y
4172,MWPW,Mexican Whip-poor-will,Antrostomus arizonae,
4180,COPO,Common Poorwill,Phalaenoptilus nuttallii,
4190,COPA,Common Pauraque,Nyctidromus albicollis,
4200,CONI,Common Nighthawk,Chordeiles minor,
4201,ANNI,Antillean Nighthawk,Chordeiles gundlachii,
4210,LENI,Lesser Nighthawk,Chordeiles acutipennis,
4220,BLSW,Black Swift,Cypseloides niger,
4230,CHSW,Chimney Swift,Chaetura pelagica,
4231,STSW,Short-tailed Swift,Chaetura brachyura,
4240,VASW,Vaux's Swift,Chaetura vauxi,
4250,WTSW,White-throated Swift,Aeronautes saxatalis,
4260,MAHU,Magnificent Hummingbird,Eugenes fulgens,
4261,PCST,Plain-capped Starthroat,Heliomaster constantii,
4270,BLUH,Blue-throated Hummingbird,Lampornis clemenciae,
4271,GVIO,Green Violetear,Colibri thalassinus,
4280,RTHU,Ruby-throated Hummingbird,Archilochus colubris,
4290,BCHU,Black-chinned Hummingbird,Archilochus alexandri,
4300,COHU,Costa's Hummingbird,Calypte costae,
4310,ANHU,Anna's Hummingbird,Calypte anna,
4320,BTLH,Broad-tailed Hummingbird,Selasphorus platycercus,
4330,RUHU,Rufous Hummingbird,Selasphorus rufus,
4340,ALHU,Allen's Hummingbird,Selasphorus sasin,
4350,BUHU,Bumblebee Hummingbird,Atthis heloisa,
4360,CAHU,Calliope Hummingbird,Selasphorus calliope,
4361,JAMA,Jamaican Mango,Anthracothorax mango,
4362,GRMA,Green Mango,Anthracothorax viridis,
4363,GTCA,Green-throated Carib,Eulampis holosericeus,
4364,ACHU,Antillean Crested Hummingbird,Orthorhyncus cristatus,
4366,GREM,Green-breasted Mango,Anthracothorax prevostii,
4370,LUHU,Lucifer Hummingbird,Calothorax lucifer,
4371,BAWO,Bahama Woodstar,Calliphlox evelynae,
4380,RUFH,Rufous-tailed Hummingbird,Amazilia tzacatl,
4381,BEHU,Berylline Hummingbird,Amazilia beryllina,
4390,BUFH,Buff-bellied Hummingbird,Amazilia yucatanensis,
4391,VCHU,Violet-crowned Hummingbird,Amazilia violiceps,
4401,WEHU,White-eared Hummingbird,Hylocharis leucotis,
4402,PREM,Puerto Rican Emerald,Chlorostilbon maugaeus,
4408,HYHU,Hybrid Hummingbird,,
4409,UNHU,Unidentified Hummingbird,,
4410,BBLH,Broad-billed Hummingbird,Cynanthus latirostris,
4411,RTBE,Rose-throated Becard,Pachyramphus aglaiae,
4420,FTFL,Fork-tailed Flycatcher,Tyrannus savana,
4430,STFL,Scissor-tailed Flycatcher,Tyrannus forficatus,
4440,EAKI,Eastern Kingbird,Tyrannus tyrannus,
4450,GRAK,Gray Kingbird,Tyrannus dominicensis,
4451,TBKI,Thick-billed Kingbird,Tyrannus crassirostris,
4452,LOKI,Loggerhead Kingbird,Tyrannus caudifasciatus,
4460,TRKI,Tropical Kingbird,Tyrannus melancholicus,
4461,COKI,Couch's Kingbird,Tyrannus couchii,
4470,WEKI,Western Kingbird,Tyrannus verticalis,
4480,CAKI,Cassin's Kingbird,Tyrannus vociferans,
4490,GKIS,Great Kiskadee,Pitangus sulphuratus,
4510,SBFL,Sulphur-bellied Flycatcher,Myiodynastes luteiventris,
4520,GCFL,Great Crested Flycatcher,Myiarchus crinitus,
4530,BCFL,Brown-crested Flycatcher,Myiarchus tyrannulus,
4531,NUFL,Nutting's Flycatcher,Myiarchus nuttingi,
4540,ATFL,Ash-throated Flycatcher,Myiarchus cinerascens,
4550,DCFL,Dusky-capped Flycatcher,Myiarchus tuberculifer,
4551,LSFL,La Sagra's Flycatcher,Myiarchus sagrae,
4552,PRFL,Puerto Rican Flycatcher,Myiarchus antillarum,
4553,STOF,Stolid Flycatcher,Myiarchus stolidus,
4554,LESF,Lesser Antillean Flycatcher,Myiarchus oberi,
4560,EAPH,Eastern Phoebe,Sayornis phoebe,
4570,SAPH,Say's Phoebe,Sayornis saya,
4580,BLPH,Black Phoebe,Sayornis nigricans,
4590,OSFL,Olive-sided Flycatcher,Contopus cooperi,
4600,GRPE,Greater Pewee,Contopus pertinax,
4610,EAWP,Eastern Wood-Pewee,Contopus virens,
4620,WEWP,Western Wood-Pewee,Contopus sordidulus,
4621,CUPE,Cuban Pewee,Contopus caribaeus,
4622,LAPE,Lesser Antillean Pewee,Contopus latirostris,
4623,JAPE,Jamaican Pewee,Contopus pallidus,
4624,HIPE,Hispaniolan Pewee,Contopus hispaniolensis,
4630,YBFL,Yellow-bellied Flycatcher,Empidonax flaviventris,
4640,COFL,Cordilleran Flycatcher,Empidonax occidentalis,
4641,PSFL,Pacific-slope Flycatcher,Empidonax difficilis,
4649,WEFL,Western Flycatcher,,
4650,ACFL,Acadian Flycatcher,Empidonax virescens,
4660,WIFL,Willow Flycatcher,Empidonax traillii,
4661,ALFL,Alder Flycatcher,Empidonax alnorum,
4664,SWFL,Southwestern Willow Flycatcher,Empidonax traillii extimus,Y
4669,TRFL,Traill's Flycatcher,,
4670,LEFL,Least Flycatcher,Empidonax minimus,
4679,UNEM,Unidentified Empidonax,,
4680,HAFL,Hammond's Flycatcher,Empidonax hammondii,
4690,DUFL,Dusky Flycatcher,Empidonax oberholseri,
4691,GRFL,Gray Flycatcher,Empidonax wrightii,
4700,BBFL,Buff-breasted Flycatcher,Empidonax fulvifrons,
4710,VEFL,Vermilion Flycatcher,Pyrocephalus rubinus,
4711,GREL,Greenish Elaenia,Myiopagis viridicata,
4720,NBTY,Northern Beardless-Tyrannulet,Camptostoma imberbe,
4721,CAEL,Caribbean Elaenia,Elaenia martinica,
4730,EUSK,Eurasian Skylark,Alauda arvensis,
4740,HOLA,Horned Lark,Eremophila alpestris,
4741,SHLA,Streaked Horned Lark,Eremophila alpestris strigata,Y
4750,BBMA,Black-billed Magpie,Pica hudsonia,
4760,YBMA,Yellow-billed Magpie,Pica nuttalli,
4770,BLJA,Blue Jay,Cyanocitta cristata,
4780,STJA,Steller's Jay,Cyanocitta stelleri,
4790,FLSJ,Florida Scrub-Jay,Aphelocoma coerulescens,Y
4810,WESJ,Western Scrub-Jay,Aphelocoma californica,
4811,ISSJ,Island Scrub-Jay,Aphelocoma insularis,
4812,WOSJ,Woodhouse's Scrub-Jay,Aphelocoma woodhouseii,
4813,CSJA,California Scrub Jay,Aphelocoma californica,
4820,MEJA,Mexican Jay,Aphelocoma wollweberi,
4830,GREJ,Green Jay,Cyanocorax yncas,
4832,BRJA,Brown Jay,Psilorhinus morio,
4840,CAJA,Canada Jay,Perisoreus canadensis,
4860,CORA,Common Raven,Corvus corax,
4870,CHRA,Chihuahuan Raven,Corvus cryptoleucus,
4871,WNCR,White-necked Crow,Corvus leucognaphalus,Y
4880,AMCR,American Crow,Corvus brachyrhynchos,
4890,NOCR,Northwestern Crow,Corvus caurinus,
4891,TACR,Tamaulipas Crow,Corvus imparatus,
4892,HCRO,Hawaiian Crow,Corvus hawaiiensis,Y
4900,FICR,Fish Crow,Corvus ossifragus,
4910,CLNU,Clark's Nutcracker,Nucifraga columbiana,
4920,PIJA,Pinyon Jay,Gymnorhinus cyanocephalus,
4930,EUST,European Starling,Sturnus vulgaris,
4931,CRMY,Crested Myna,Acridotheres cristatellus,
4932,COMY,Common Myna,Acridotheres tristis,
4933,JAMY,Javan Myna,Acridotheres javanicus,
4934,HIMY,Hill Myna,Gracula religiosa,
4935,JUMY,Jungle Myna,Acridotheres fuscus,
4940,BOBO,Bobolink,Dolichonyx oryzivorus,
4950,BHCO,Brown-headed Cowbird,Molothrus ater,
4960,BROC,Bronzed Cowbird,Molothrus aeneus,
4961,SHCO,Shiny Cowbird,Molothrus bonariensis,
4970,YHBL,Yellow-headed Blackbird,Xanthocephalus xanthocephalus,
4980,RWBL,Red-winged Blackbird,Agelaius phoeniceus,
5000,TRBL,Tricolored Blackbird,Agelaius tricolor,
5001,TSBL,Tawny-shouldered Blackbird,Agelaius humeralis,
5002,YSBL,Yellow-shouldered Blackbird,Agelaius xanthomus,Y
5010,EAME,Eastern Meadowlark,Sturnella magna,
5011,WEME,Western Meadowlark,Sturnella neglecta,
5030,AUOR,Audubon's Oriole,Icterus graduacauda,
5031,ALOR,Altamira Oriole,Icterus gularis,
5032,SPOO,Spot-breasted Oriole,Icterus pectoralis,
5040,SCOR,Scott's Oriole,Icterus parisorum,
5041,BVOR,Black-vented Oriole,Icterus wagleri,
5042,BCOR,Black-cowled Oriole,Icterus prosthemelas,
5043,CUOR,Cuban Oriole,Icterus melanopsis,
5044,BAHO,Bahama Oriole,Icterus northropi,
5045,PROR,Puerto Rican Oriole,Icterus portoricensis,
5046,HIOR,Hispaniolan Oriole,Icterus dominicensis,
5050,HOOR,Hooded Oriole,Icterus cucullatus,
5051,STRO,Streak-backed Oriole,Icterus pustulatus,
5060,OROR,Orchard Oriole,Icterus spurius,
5070,BAOR,Baltimore Oriole,Icterus galbula,
5078,BBOH,Baltimore X Bullock's Oriole Hybrid,,
5080,BUOR,Bullock's Oriole,Icterus bullockii,
5090,RUBL,Rusty Blackbird,Euphagus carolinus,
5100,BRBL,Brewer's Blackbird,Euphagus cyanocephalus,
5110,COGR,Common Grackle,Quiscalus quiscula,
5120,GTGR,Great-tailed Grackle,Quiscalus mexicanus,
5130,BTGR,Boat-tailed Grackle,Quiscalus major,
5131,GAGR,Greater Antillean Grackle,Quiscalus niger,
5140,EVGR,Evening Grosbeak,Coccothraustes vespertinus,
5141,BRAM,Brambling,Fringilla montifringilla,
5142,HAWF,Hawfinch,Coccothraustes coccothraustes,
5143,COCH,Common Chaffinch,Fringilla coelebs,
5150,PIGR,Pine Grosbeak,Pinicola enucleator,
5160,EUBU,Eurasian Bullfinch,Pyrrhula pyrrhula,
5161,CORO,Common Rosefinch,Carpodacus erythrinus,
5170,PUFI,Purple Finch,Haemorhous purpureus,
5180,CAFI,Cassin's Finch,Haemorhous cassinii,
5190,HOFI,House Finch,Haemorhous mexicanus,
5210,RECR,Red Crossbill,Loxia curvirostra,
5211,CACR,Cassia Crossbill,Loxia sinesciuris,
5220,WWCR,White-winged Crossbill,Loxia leucoptera,
5240,GCRF,Gray-crowned Rosy-Finch,Leucosticte tephrocotis,
5250,BLRF,Black Rosy-Finch,Leucosticte atrata,
5260,BCRF,Brown-capped Rosy-Finch,Leucosticte australis,
5261,EUGO,European Goldfinch,Carduelis carduelis,
5262,ORGR,Oriental Greenfinch,Chloris sinica,
5270,HORE,Hoary Redpoll,Acanthis hornemanni,
5276,UNRE,Unidentified Common/Hoary Redpoll,,
5280,CORE,Common Redpoll,Acanthis flammea,
5290,AMGO,American Goldfinch,Spinus tristis,
5300,LEGO,Lesser Goldfinch,Spinus psaltria,
5310,LAGO,Lawrence's Goldfinch,Spinus lawrencei,
5321,RESI,Red Siskin,Spinus cucullatus,
5330,PISI,Pine Siskin,Spinus pinus,
5331,COCA,Common Canary,Serinus canaria,
5332,YFCA,Yellow-fronted Canary,Crithagra mozambica,
5340,SNBU,Snow Bunting,Plectrophenax nivalis,
5350,MKBU,McKay's Bunting,Plectrophenax hyperboreus,
5351,RUBU,Rustic Bunting,Emberiza rustica,
5352,LIBU,Little Bunting,Emberiza pusilla,
5353,GRBU,Gray Bunting,Emberiza variabilis,
5354,PALB,Pallas's Bunting,Emberiza pallasi,
5355,REBU,Reed Bunting,Emberiza schoeniclus,
5360,LALO,Lapland Longspur,Calcarius lapponicus,
5370,SMLO,Smith's Longspur,Calcarius pictus,
5380,CCLO,Chestnut-collared Longspur,Calcarius ornatus,
5390,MCLO,McCown's Longspur,Rhynchophanes mccownii,
5400,VESP,Vesper Sparrow,Pooecetes gramineus,
5410,IPSP,Ipswich Sparrow,Passerculus sandwichensis princeps,
5420,SAVS,Savannah Sparrow,Passerculus sandwichensis,
5430,BSSP,Belding's Savannah Sparrow,Passerculus sandwichensis beldingi,
5440,LBSP,Large-billed Sparrow,Passerculus sandwichensis rostratus,
5450,BAIS,Baird's Sparrow,Centronyx bairdii,
5460,GRSP,Grasshopper Sparrow,Ammodramus savannarum,
5464,FGSP,Florida Grasshopper Sparrow,Ammodramus savannarum floridanus,Y
5470,HESP,Henslow's Sparrow,Ammodramus henslowii,
5480,LCSP,LeConte's Sparrow,Ammodramus leconteii,
5490,SALS,Saltmarsh Sparrow,Ammodramus caudacuta,
5491,NESP,Nelson's Sparrow,Ammospiza nelsoni,
5499,STSP,Unidentified Sharp-tailed Sparrow,,
5500,SESP,Seaside Sparrow,Ammodramus maritima,
5510,DSSP,Dusky Seaside Sparrow,Ammodramus maritima nigrescens,
5511,CSSS,Cape Sable Seaside Sparrow,Ammodramus maritimus mirabilis,Y
5520,LASP,Lark Sparrow,Chondestes grammacus,
5530,HASP,Harris's Sparrow,Zonotrichia querula,
5540,WCSP,White-crowned Sparrow,Zonotrichia leucophrys,
5541,EWCS,Eastern White-crowned Sparrow,Zonotrichia leucophrys leucophrys,
5546,MWCS,Mountain White-crowned Sparrow,Zonotrichia leucophrys oriantha,
5547,PSWS,Puget Sound White-crowned Sparrow,Zonotrichia leucophrys pugetensis,
5550,GWCS,Gambel's White-crowned Sparrow,Zonotrichia leucophrys gambelii,
5560,NWCS,Nuttall's White-crowned Sparrow,Zonotrichia leucophrys nuttalli,
5570,GCSP,Golden-crowned Sparrow,Zonotrichia atricapilla,
5580,WTSP,White-throated Sparrow,Zonotrichia albicollis,
5581,RUFS,Rufous-collared Sparrow,Zonotrichia capensis,
5586,ZSHY,Zonotrichia Sparrow Hybrid,,
5590,ATSP,American Tree Sparrow,Spizelloides arborea,
5600,CHSP,Chipping Sparrow,Spizella passerina,
5610,CCSP,Clay-colored Sparrow,Spizella pallida,
5620,BRSP,Brewer's Sparrow,Spizella breweri,
5630,FISP,Field Sparrow,Spizella pusilla,
5640,WOSP,Worthen's Sparrow,Spizella wortheni,
5650,BCSP,Black-chinned Sparrow,Spizella atrogularis,
5660,WWJU,White-winged Junco,Junco hyemalis aikeni,
5670,SCJU,Slate-colored Junco,Junco hyemalis hyemalis,
5671,ORJU,Oregon Junco,Junco hyemalis oreganus,
5677,UDEJ,Unidentified Dark-eyed Junco,Junco hyemalis,
5690,GHJU,Gray-headed Junco,Junco hyemalis caniceps,
5700,YEJU,Yellow-eyed Junco,Junco phaeonotus,
5730,BTSP,Black-throated Sparrow,Amphispiza bilineata,
5740,USSP,Unspecified Sage Sparrow,,
5741,SCBS,San Clemente Bell's Sparrow,Artemisiospiza belli clementeae,Y
5742,FSSP,Five-striped Sparrow,Amphispiza quinquestriata,
5743,SBSP,Sagebrush Sparrow,Artemisiospiza nevadensis,
5744,BESP,Bell's Sparrow,Artemisiospiza belli,
5750,BACS,Bachman's Sparrow,Peucaea aestivalis,
5760,BOSP,Botteri's Sparrow,Peucaea botterii,
5780,CASP,Cassin's Sparrow,Peucaea cassinii,
5790,RWSP,Rufous-winged Sparrow,Peucaea carpalis,
5800,RCSP,Rufous-crowned Sparrow,Aimophila ruficeps,
5810,SOSP,Song Sparrow,Melospiza melodia,
5830,LISP,Lincoln's Sparrow,Melospiza lincolnii,
5840,SWSP,Swamp Sparrow,Melospiza georgiana,
5850,FOSP,Fox Sparrow,Passerella iliaca,
5860,OLSP,Olive Sparrow,Arremonops rufivirgatus,
5861,SAFI,Saffron Finch,Sicalis flaveola,
5870,EATO,Eastern Towhee,Pipilo erythrophthalmus,
5876,URST,Unidentified Rufous-sided Towhee,,
5880,SPTO,Spotted Towhee,Pipilo maculatus,
5900,GTTO,Green-tailed Towhee,Pipilo chlorurus,
5906,HYTO,Hybrid Towhee,,
5910,CANT,Canyon Towhee,Melozone fusca,
5911,CALT,California Towhee,Melozone crissalis,
5912,ICTO,Inyo California Towhee,Melozone crissalis eremophilus,Y
5920,ABTO,Abert's Towhee,Melozone aberti,
5922,RCCA,Red-crested Cardinal,Paroaria coronata,
5923,YBCA,Yellow-billed Cardinal,Paroaria capitata,
5930,NOCA,Northern Cardinal,Cardinalis cardinalis,
5940,PYRR,Pyrrhuloxia,Cardinalis sinuatus,
5950,RBGR,Rose-breasted Grosbeak,Pheucticus ludovicianus,
5960,BHGR,Black-headed Grosbeak,Pheucticus melanocephalus,
5961,YEGR,Yellow Grosbeak,Pheucticus chrysopeplus,
5970,BLGR,Blue Grosbeak,Passerina caerulea,
5971,BLBU,Blue Bunting,Cyanocompsa parellina,
5980,INBU,Indigo Bunting,Passerina cyanea,
5986,ILBH,Indigo X Lazuli Bunting Hybrid,,
5990,LAZB,Lazuli Bunting,Passerina amoena,
6000,VABU,Varied Bunting,Passerina versicolor,
6010,PABU,Painted Bunting,Passerina ciris,
6020,WCSE,White-collared Seedeater,Sporophila torqueola,
6021,PUEB,Puerto Rican Bullfinch,Melopyrrha portoricensis,
6022,LESB,Lesser Antillean Bullfinch,Loxigilla noctis,
6030,BFGR,Black-faced Grassquit,Tiaris bicolor,
6031,CUGR,Cuban Grassquit,Tiaris canorus,
6032,YFGR,Yellow-faced Grassquit,Tiaris olivaceus,
6040,DICK,Dickcissel,Spiza americana,
6050,LARB,Lark Bunting,Calamospiza melanocorys,
6061,ANEU,Antillean Euphonia,Euphonia musica,
6070,WETA,Western Tanager,Piranga ludoviciana,
6071,FCTA,Flame-colored Tanager,Piranga bidentata,
6080,SCTA,Scarlet Tanager,Piranga olivacea,
6090,HETA,Hepatic Tanager,Piranga flava,
6100,SUTA,Summer Tanager,Piranga rubra,
6101,WESP,Western Spindalis,Spindalis zena,
6102,PRTA,Puerto Rican Tanager,Nesospingus speculiferus,
6103,HISP,Hispaniolan Spindalis,Spindalis dominicensis,
6104,PRSP,Puerto Rican Spindalis,Spindalis portoricensis,
6105,JAMS,Jamaican Spindalis,Spindalis nigricephala,
6110,PUMA,Purple Martin,Progne subis,
6112,GBMA,Gray-breasted Martin,Progne chalybea,
6113,CAMA,Caribbean Martin,Progne dominicensis,
6120,CLSW,Cliff Swallow,Petrochelidon pyrrhonota,
6121,CASW,Cave Swallow,Petrochelidon fulva,
6130,BARS,Barn Swallow,Hirundo rustica,
6140,TRES,Tree Swallow,Tachycineta bicolor,
6150,VGSW,Violet-green Swallow,Tachycineta thalassina,
6151,BAHS,Bahama Swallow,Tachycineta cyaneoviridis,
6160,BANS,Bank Swallow,Riparia riparia,
6170,NRWS,Northern Rough-winged Swallow,Stelgidopteryx serripennis,
6180,BOWA,Bohemian Waxwing,Bombycilla garrulus,
6190,CEDW,Cedar Waxwing,Bombycilla cedrorum,
6200,PHAI,Phainopepla,Phainopepla nitens,
6210,NSHR,Northern Shrike,Lanius borealis,
6211,BRSH,Brown Shrike,Lanius cristatus,
6220,LOSH,Loggerhead Shrike,Lanius ludovicianus,
6221,KAOO,Kauai Oo,Moho braccatus,Y
6223,BIOO,Bishop's Oo,Moho bishopi,Y
6226,JAWE,Japanese White-eye,Zosterops japonicus,
6227,SLSH,San Clemente Loggerhead Shrike,Lanius ludovicianus mearnsi,Y
6230,BWVI,Black-whiskered Vireo,Vireo altiloquus,
6240,REVI,Red-eyed Vireo,Vireo olivaceus,
6250,YGVI,Yellow-green Vireo,Vireo flavoviridis,
6260,PHVI,Philadelphia Vireo,Vireo philadelphicus,
6270,WAVI,Warbling Vireo,Vireo gilvus,
6280,YTVI,Yellow-throated Vireo,Vireo flavifrons,
6290,BHVI,Blue-headed Vireo,Vireo solitarius,
6291,PLVI,Plumbeous Vireo,Vireo plumbeus,
6292,CAVI,Cassin's Vireo,Vireo cassinii,
6299,SOVI,Solitary Vireo,,
6300,BCVI,Black-capped Vireo,Vireo atricapilla,
6310,WEVI,White-eyed Vireo,Vireo griseus,
6320,HUVI,Hutton's Vireo,Vireo huttoni,
6330,BEVI,Bell's Vireo,Vireo bellii,
6331,PRVI,Puerto Rican Vireo,Vireo latimeri,
6334,LBVI,Least Bell's Vireo,Vireo bellii pusillus,Y
6340,GRVI,Gray Vireo,Vireo vicinior,
6350,BANA,Bananaquit,Coereba flaveola,
6360,BAWW,Black-and-white Warbler,Mniotilta varia,
6366,HYWA,Hybrid Warbler,,
6370,PROW,Prothonotary Warbler,Protonotaria citrea,
6380,SWWA,Swainson's Warbler,Limnothlypis swainsonii,
6390,WEWA,Worm-eating Warbler,Helmitheros vermivorum,
6410,BWWA,Blue-winged Warbler,Vermivora cyanoptera,
6412,BRWA,Brewster's Warbler,,
6413,LAWA,Lawrence's Warbler,,
6416,GBWH,Golden-winged x Blue-winged Warbler Hybrid,,
6420,GWWA,Golden-winged Warbler,Vermivora chrysoptera,
6430,LUWA,Lucy's Warbler,Oreothlypis luciae,
6440,VIWA,Virginia's Warbler,Oreothlypis virginiae,
6450,NAWA,Nashville Warbler,Oreothlypis ruficapilla,
6460,OCWA,Orange-crowned Warbler,Oreothlypis celata,
6470,TEWA,Tennessee Warbler,Oreothlypis peregrina,
6471,COLW,Colima Warbler,Oreothlypis crissalis,
6480,NOPA,Northern Parula,Setophaga americana,
6490,TRPA,Tropical Parula,Setophaga pitiayumi,
6500,CMWA,Cape May Warbler,Setophaga tigrina,
6510,OLWA,Olive Warbler,Peucedramus taeniatus,
6520,YEWA,Yellow Warbler,Setophaga petechia,
6540,BTBW,Black-throated Blue Warbler,Setophaga caerulescens,
6550,MYWA,Myrtle Warbler,Setophaga coronata coronata,
6556,UYRW,Unknown Yellow-rumped Warbler,Setophaga coronata,
6560,AUWA,Audubon's Warbler,Setophaga coronata auduboni,
6570,MAWA,Magnolia Warbler,Setophaga magnolia,
6580,CERW,Cerulean Warbler,Setophaga cerulea,
6581,EWWA,Elfin-woods Warbler,Setophaga angelae,
6590,CSWA,Chestnut-sided Warbler,Setophaga pensylvanica,
6600,BBWA,Bay-breasted Warbler,Setophaga castanea,
6610,BLPW,Blackpoll Warbler,Setophaga striata,
6620,BLBW,Blackburnian Warbler,Setophaga fusca,
6630,YTWA,Yellow-throated Warbler,Setophaga dominica,
6634,SUWA,Sutton's Warbler,,
6640,GRWA,Grace's Warbler,Setophaga graciae,
6641,ADWA,Adelaide's Warbler,Setophaga adelaidae,
6642,BARW,Barbuda Warbler,Setophaga subita,
6643,SLWA,St. Lucia Warbler,Setophaga delicata,
6650,BTYW,Black-throated Gray Warbler,Setophaga nigrescens,
6660,GCWA,Golden-cheeked Warbler,Setophaga chrysoparia,Y
6670,BTNW,Black-throated Green Warbler,Setophaga virens,
6680,TOWA,Townsend's Warbler,Setophaga townsendi,
6686,THWH,Townsend's X Hermit Warbler Hybrid,,
6690,HEWA,Hermit Warbler,Setophaga occidentalis,
6700,KIWA,Kirtland's Warbler,Setophaga kirtlandii,Y
6710,PIWA,Pine Warbler,Setophaga pinus,
6720,WPWA,Western Palm Warbler,Setophaga palmarum palmarum,
6729,YPWA,Yellow Palm Warbler,Setophaga palmarum hypochrysea,
6730,PRAW,Prairie Warbler,Setophaga discolor,
6740,OVEN,Ovenbird,Seiurus aurocapilla,
6750,NOWA,Northern Waterthrush,Parkesia noveboracensis,
6760,LOWA,Louisiana Waterthrush,Parkesia motacilla,
6770,KEWA,Kentucky Warbler,Geothlypis formosa,
6780,CONW,Connecticut Warbler,Oporornis agilis,
6790,MOWA,Mourning Warbler,Geothlypis philadelphia,
6800,MGWA,MacGillivray's Warbler,Geothlypis tolmiei,
6810,COYE,Common Yellowthroat,Geothlypis trichas,
6821,GCYE,Gray-crowned Yellowthroat,Geothlypis poliocephala,
6830,YBCH,Yellow-breasted Chat,Icteria virens,
6840,HOWA,Hooded Warbler,Setophaga citrina,
6850,WIWA,Wilson's Warbler,Cardellina pusilla,
6860,CAWA,Canada Warbler,Cardellina canadensis,
6870,AMRE,American Redstart,Setophaga ruticilla,
6880,PARE,Painted Redstart,Myioborus pictus,
6881,FTWA,Fan-tailed Warbler,Basileuterus lachrymosus,
6882,HOSP,House Sparrow,Passer domesticus,
6883,ETSP,Eurasian Tree Sparrow,Passer montanus,
6890,SLAR,Slate-throated Redstart,Myioborus miniatus,
6900,RFWA,Red-faced Warbler,Cardellina rubrifrons,
6920,GOLW,Golden-crowned Warbler,Basileuterus culicivorus,
6921,RCWA,Rufous-capped Warbler,Basileuterus rufifrons,
6940,WHWA,White Wagtail,Motacilla alba,
6951,BWAG,Black-backed Wagtail,Motacilla alba lugens,
6960,EYWA,Eastern Yellow Wagtail,Motacilla tschutschensis,
6961,GRAW,Gray Wagtail,Motacilla cinerea,
6970,AMPI,American Pipit,Anthus rubescens,
6981,PEPI,Pechora Pipit,Anthus gustavi,
6983,OBPI,Olive-backed Pipit,Anthus hodgsoni,
6990,RTPI,Red-throated Pipit,Anthus cervinus,
7000,SPPI,Sprague's Pipit,Anthus spragueii,
7010,AMDI,American Dipper,Cinclus mexicanus,
7020,SATH,Sage Thrasher,Oreoscoptes montanus,
7030,NOMO,Northern Mockingbird,Mimus polyglottos,
7031,BAMO,Bahama Mockingbird,Mimus gundlachii,
7032,TRMO,Tropical Mockingbird,Mimus gilvus,
7040,GRCA,Gray Catbird,Dumetella carolinensis,
7050,BRTH,Brown Thrasher,Toxostoma rufum,
7060,LBTH,Long-billed Thrasher,Toxostoma longirostre,
7070,CBTH,Curve-billed Thrasher,Toxostoma curvirostre,
7080,BETH,Bendire's Thrasher,Toxostoma bendirei,
7100,CATH,California Thrasher,Toxostoma redivivum,
7110,LCTH,LeConte's Thrasher,Toxostoma lecontei,
7111,PETH,Pearly-eyed Thrasher,Margarops fuscatus,
7120,CRTH,Crissal Thrasher,Toxostoma crissale,
7121,BLMO,Blue Mockingbird,Melanotis caerulescens,
7130,CACW,Cactus Wren,Campylorhynchus brunneicapillus,
7150,ROWR,Rock Wren,Salpinctes obsoletus,
7170,CANW,Canyon Wren,Catherpes mexicanus,
7180,CARW,Carolina Wren,Thryothorus ludovicianus,
7190,BEWR,Bewick's Wren,Thryomanes bewickii,
7210,HOWR,House Wren,Troglodytes aedon,
7220,WIWR,Winter Wren,Troglodytes hiemalis,
7221,PAWR,Pacific Wren,Troglodytes pacificus,
7240,SEWR,Sedge Wren,Cistothorus platensis,
7250,MAWR,Marsh Wren,Cistothorus palustris,
7260,BRCR,Brown Creeper,Certhia americana,
7261,RWBU,Red-whiskered Bulbul,Pycnonotus jocosus,
7262,RVBU,Red-vented Bulbul,Pycnonotus cafer,
7270,WBNU,White-breasted Nuthatch,Sitta carolinensis,
7280,RBNU,Red-breasted Nuthatch,Sitta canadensis,
7290,BHNU,Brown-headed Nuthatch,Sitta pusilla,
7300,PYNU,Pygmy Nuthatch,Sitta pygmaea,
7310,TUTI,Tufted Titmouse,Baeolophus bicolor,
7320,BCTI,Black-crested Titmouse,Baeolophus atricristatus,
7330,OATI,Oak Titmouse,Baeolophus inornatus,
7331,JUTI,Juniper Titmouse,Baeolophus ridgwayi,
7339,PLTI,Plain Titmouse,,
7340,BRTI,Bridled Titmouse,Baeolophus wollweberi,
7341,VATI,Varied Tit,Sittiparus varius,
7350,BCCH,Black-capped Chickadee,Poecile atricapillus,
7356,HYCH,Hybrid Chickadee,,
7360,CACH,Carolina Chickadee,Poecile carolinensis,
7370,MECH,Mexican Chickadee,Poecile sclateri,
7380,MOCH,Mountain Chickadee,Poecile gambeli,
7390,GHCH,Gray-headed Chickadee,Poecile cinctus,
7400,BOCH,Boreal Chickadee,Poecile hudsonicus,
7410,CBCH,Chestnut-backed Chickadee,Poecile rufescens,
7420,WREN,Wrentit,Chamaea fasciata,
7421,RBLE,Red-billed Leiothrix,Leiothrix lutea,
7422,HWAM,Hwamei,Garrulax canorus,
7423,GNLA,Greater Necklaced Laughingthrush,Garrulax pectoralis,
7424,OBNT,Orange-billed Nightingale-Thrush,Catharus aurantiirostris,
7430,BUSH,Bushtit,Psaltriparus minimus,
7460,VERD,Verdin,Auriparus flaviceps,
7461,JABW,Japanese Bush-Warbler,Horornis diphone,
7462,MILL,Millerbird,Acrocephalus familiaris,Y
7470,ARWA,Arctic Warbler,Phylloscopus borealis,
7471,MIGW,Middendorff's Grasshopper-Warbler,Locustella ochotensis,
7473,WOWA,Wood Warbler,Phylloscopus sibilatrix,
7474,DUWA,Dusky Warbler,Phylloscopus fuscatus,
7475,LANW,Lanceolated Warbler,Locustella lanceolata,
7480,GCKI,Golden-crowned Kinglet,Regulus satrapa,
7490,RCKI,Ruby-crowned Kinglet,Regulus calendula,
7491,SIAC,Siberian Accentor,Prunella montanella,
7510,BGGN,Blue-gray Gnatcatcher,Polioptila caerulea,
7520,BTGN,Black-tailed Gnatcatcher,Polioptila melanura,
7530,CAGN,California Gnatcatcher,Polioptila californica,Y
7531,BCGN,Black-capped Gnatcatcher,Polioptila nigriceps,
7532,BACG,Baja Gnatcatcher,Polioptila californica,
7540,TOSO,Townsend's Solitaire,Myadestes townsendi,
7541,OMAO,Omao,Myadestes obscurus,
7542,PUAI,Puaiohi,Myadestes palmeri,Y
7543,KAMA,Kamao,Myadestes myadestinus,Y
7545,OLOM,Olomao,Myadestes lanaiensis,Y
7550,WOTH,Wood Thrush,Hylocichla mustelina,
7560,VEER,Veery,Catharus fuscescens,
7570,GCTH,Gray-cheeked Thrush,Catharus minimus,
7571,BITH,Bicknell's Thrush,Catharus bicknelli,
7579,GCBT,Unidentified Gray-cheeked/Bicknell's Thrush,,
7580,SWTH,Swainson's Thrush,Catharus ustulatus,
7590,HETH,Hermit Thrush,Catharus guttatus,
7600,REDW,Redwing,Turdus iliacus,
7610,AMRO,American Robin,Turdus migratorius,
7612,FIEL,Fieldfare,Turdus pilaris,
7613,EYTH,Eyebrowed Thrush,Turdus obscurus,
7614,DUTH,Dusky Thrush,Turdus naumanni,
7621,CCTH,Clay-colored Thrush,Turdus grayi,
7622,RBRO,Rufous-backed Robin,Turdus rufopalliatus,
7623,RLTH,Red-legged Thrush,Turdus plumbeus,
7630,VATH,Varied Thrush,Ixoreus naevius,
7631,AZTH,Aztec Thrush,Ridgwayia pinicola,
7640,BLUE,Bluethroat,Cyanecula svecica,
7641,SIRU,Siberian Rubythroat,Calliope calliope,
7642,RFBL,Red-flanked Bluetail,Tarsiger cyanurus,
7650,NOWH,Northern Wheatear,Oenanthe oenanthe,
7660,EABL,Eastern Bluebird,Sialia sialis,
7670,WEBL,Western Bluebird,Sialia mexicana,
7676,HYBL,Hybrid Western/Mountain Bluebird,,
7680,MOBL,Mountain Bluebird,Sialia currucoides,
7690,WRSH,White-rumped Shama,Copsychus malabaricus,
7700,HAEL,Hawaii Elepaio,Chasiempis sandwichensis,
7701,OAEL,Oahu Elepaio,Chasiempis ibidis,Y
7702,KAEL,Kauai Elepaio,Chasiempis sclateri,
7710,TAFL,Taiga Flycatcher,Ficedula albicilla,
7720,DSFL,Dark-sided Flycatcher,Muscicapa sibirica,
7730,GSFL,Gray-streaked Flycatcher,Muscicapa griseisticta,
7740,LAFI,Laysan Finch,Telespiza cantans,Y
7750,NIFI,Nihoa Finch,Telespiza ultima,Y
7760,OU,Ou,Psittirostra psittacea,Y
7770,PALI,Palila,Loxioides bailleui,Y
7810,MAPA,Maui Parrotbill,Pseudonestor xanthophrys,Y
7820,HAAM,Hawaii Amakihi,Chlorodrepanis virens,
7821,OAAM,Oahu Amakihi,Chlorodrepanis flava,
7830,KAAM,Kauai Amakihi,Chlorodrepanis stejnegeri,
7840,ANIA,Anianiau,Magumma parva,
7870,OAAK,Oahu Akialoa,Akialoa ellisiana,Y
7880,NUKU,Nukupuu,Hemignathus lucidus,Y
7890,AKIP,Akiapolaau,Hemignathus wilsoni,Y
7900,AKIK,Akikiki,Oreomystis bairdi,Y
7910,HCRE,Hawaii Creeper,Loxops mana,Y
7920,MAAL,Maui Alauahio,Paroreomyza montana,
7930,KAKA,Kakawahie,Paroreomyza flammea,Y
7940,OAAL,Oahu Alauahio,Paroreomyza maculata,Y
7950,AKEP,Akepa,Loxops coccineus,Y
7960,AKEK,Akekee,Loxops caeruleirostris,Y
7980,IIWI,Iiwi,Drepanis coccinea,
8010,AKOH,Akohekohe,Palmeria dolei,Y
8020,APAP,Apapane,Himatione sanguinea,
8040,POUL,Poo-uli,Melamprosops phaeosoma,Y
8041,NRBI,Northern Red Bishop,Euplectes franciscanus,
8042,YCBI,Yellow-crowned Bishop,Euplectes afer,
8050,RCCO,Red-cheeked Cordonbleu,Uraeginthus bengalus,
8060,LAVW,Lavender Waxbill,Estrilda caerulescens,
8070,ORAW,Orange-cheeked Waxbill,Estrilda melpoda,
8080,BRWX,Black-rumped Waxbill,Estrilda troglodytes,
8081,COMW,Common Waxbill,Estrilda astrild,
8090,REAV,Red Avadavat,Amandava amandava,
8100,AFSI,African Silverbill,Euodice cantans,
8101,BRMA,Bronze Mannikin,Spermestes cucullata,
8110,SBMU,Scaly-breasted Munia,Lonchura punctulata,
8120,TRMU,Tricolored Munia,Lonchura malacca,
8130,JAVS,Java Sparrow,Lonchura oryzivora,
8131,PTWH,Pin-tailed Whydah,Vidua macroura,
8501,KIPE,King Penguin,Aptenodytes patagonicus,
8502,EMPE,Emperor Penguin,Aptenodytes forsteri,
8503,GEPE,Gentoo Penguin,Pygoscelis papua,
8504,ADPE,Adelie Penguin,Pygoscelis adeliae,
8505,CHPE,Chinstrap Penguin,Pygoscelis antarcticus,
8506,VIPE,Victoria Penguin,Eudyptes pachyrynchus,
8508,ROCP,Rockhopper Penguin,Eudyptes chrysocome,
8509,ROYP,Royal Penguin,Eudyptes schlegeli,
8510,MACP,Macaroni Penguin,Eudyptes chrysolophus,
8512,FAPE,Fairy Penguin,Eudyptula minor,
8514,AFPE,African Penguin,Spheniscus demersus,
8515,HUPE,Humboldt Penguin,Spheniscus humboldti,
8516,MAGP,Magellanic Penguin,Spheniscus magellanicus,
8517,GALP,Galapagos Penguin,Spheniscus mendiculus,
8519,ROAL,Royal Albatross,Diomedea epomophora,
8521,BUAL,Buller's Albatross,Thalassarche bulleri,
8522,GHAL,Gray-headed Albatross,Thalassarche chrysostoma,
8523,SOAL,Sooty Albatross,Phoebetria fusca,
8524,LMSA,Light-mantled Albatross,Phoebetria palpebrata,
8525,SGPE,Southern Giant Petrel,Macronectes giganteus,
8526,SOFU,Southern Fulmar,Fulmarus glacialoides,
8527,BLPE,Blue Petrel,Halobaena caerulea,
8528,BBPR,Broad-billed Prion,Pachyptila vittata,
8529,DOPR,Dove Prion,Pachyptila desolata,
8530,TBPR,Thin-billed Prion,Pachyptila belcheri,
8531,FAPR,Fairy Prion,Pachyptila turtur,
8532,ANPE,Antarctic Petrel,Thalassoica antarctica,
8533,WCPE,White-chinned Petrel,Procellaria aequinoctialis,
8536,KEPE,Kerguelen Petrel,Aphrodroma brevirostris,
8537,SNPE,Snow Petrel,Pagodroma nivea,
8538,GBSP,Gray-backed Storm-Petrel,Garrodia nereis,
8541,BECO,Blue-eyed Cormorant,Leucocarbo atriceps,
8543,SNSH,Snowy Sheathbill,Chionis albus,
8544,LESH,Lesser Sheathbill,Chionis minor,
8546,SBBG,Southern Black-backed Gull,Larus dominicanus,
8548,ANTE,Antarctic Tern,Sterna vittata,
8549,KETE,Kerguelen Tern,Sterna virgata,
8552,HYSK,Hybrid Skua,,
8553,NGPE,Northern Giant Petrel,Macronectes halli,
8554,BRSK,Brown Skua,Stercorarius antarcticus,
8560,TIMO,Tinian Monarch,Monarcha takatsukasae,
8570,MARC,Mariana Crow,Corvus kubaryi,Y
8580,GUSW,Guam Swiftlet,Aerodramus bartschi,Y
8590,NIRW,Nightingale Reed Warbler,Acrocephalus luscinius,Y
8600,MIME,Micronesian Megapode,Megapodius laperouse,Y
8610,WRSW,White-rumped Swiftlet,Aerodramus spodiopygius,
8620,PCFD,Purple-capped Fruit Dove,Ptilinopus porphyraceus,
8630,COLK,Collared Kingfisher,Todiramphus chloris,
8640,SAST,Samoan Starling,Aplonis atrifusca,
8650,POST,Polynesian Starling,Aplonis tabuensis,
8660,CAHO,Cardinal Honeyeater,Myzomela cardinalis,
8670,WAHO,Wattled Honeyeater,Foulehaio carunculatus,
8680,MIHO,Micronesian Honeyeater,Myzomela rubratra,
8690,RUFA,Rufous Fantail,Rhipidura rufifrons,
8691,FISH,Fiji Shrikebill,Clytorhynchus vitiensis,
8700,BRWE,Bridled White-eye,Zosterops conspicillatus,Y
8710,GOWE,Golden White-eye,Cleptornis marchei,
8720,MIST,Micronesian Starling,Aplonis opaca,
8740,BLDR,Black Drongo,Dicrurus macrocercus,
8750,LTCU,Long-tailed Cuckoo,Eudynamys taitensis,
8760,MCFD,Many-colored Fruit Dove,Ptilinopus perousii,
8770,PAPI,Pacific Pigeon,Ducula pacifica,
8780,SHGD,Shy Ground Dove,Gallicolumba stairi,Y
8790,MICK,Micronesian Kingfisher,Todiramphus cinnamominus,Y
8791,GMKI,Guam Micronesian Kingfisher,Todiramphus cinnamominus cinnamominus,Y
8800,MASW,Mariana Swiftlet,Aerodramus bartschi,Y
8810,ROWE,Rota White-eye,Zosterops rotensis,Y
9067,ANMA,Antillean Mango,Anthracothorax dominicus,
9071,STTL,Streamertail,Trochilus polytmus,
9081,JATO,Jamaican Tody,Todus todus,
9094,SAFL,Sad Flycatcher,Myiarchus barbirostris,
9099,YBEL,Yellow-bellied Elaenia,Elaenia flavogaster,
9101,GAEL,Greater Antillean Elaenia,Elaenia fallax,
9102,JAEL,Jamaican Elaenia,Myiopagis cotta,
9107,JACR,Jamaican Crow,Corvus jamaicensis,
9109,SHWR,Southern House Wren,Troglodytes aedon musculus,
9116,BRTR,Brown Trembler,Cinclocerthia ruficauda,
9120,WETH,White-eyed Thrush,Turdus jamaicensis,
9122,WCTH,White-chinned Thrush,Turdus aurantius,
9127,RTSO,Rufous-throated Solitaire,Myadestes genibarbis,
9130,TBVI,Thick-billed Vireo,Vireo crassirostris,
9132,JAVI,Jamaican Vireo,Vireo modestus,
9138,OLIW,Olive-capped Warbler,Setophaga pityophila,
9141,ARRW,Arrowhead Warbler,Setophaga pharetra,
9145,BAYE,Bahama Yellowthroat,Geothlypis rostrata,
9151,ORAN,Orangequit,Euneornis campestris,
9153,JAEU,Jamaican Euphonia,Euphonia jamaica,
9166,VETR,Venezuelan Troupial,Icterus icterus,
9169,JAOR,Jamaican Oriole,Icterus leucopteryx,
9176,YSGR,Yellow-shouldered Grassquit,Loxipasser anoxanthus,
9178,GABU,Greater Antillean Bullfinch,Melopyrrha violacea,
9182,YBSE,Yellow-bellied Seedeater,Sporophila nigricollis,
9184,BBGR,Blue-black Grassquit,Volatinia jacarina,
9986,HYNO,Hybrid Nonpasserine,,
9996,HYPA,Hybrid Passerine,,
